name,url
3D Analyst toolbox,/en/pro-app/2.7/tool-reference/3d-analyst
Analysis toolbox,/en/pro-app/2.7/tool-reference/analysis
Aviation toolbox,/en/pro-app/2.7/tool-reference/aviation
Business Analyst toolbox,/en/pro-app/2.7/tool-reference/business-analyst
Cartography toolbox,/en/pro-app/2.7/tool-reference/cartography
Conversion toolbox,/en/pro-app/2.7/tool-reference/conversion
Crime Analysis and Safety toolbox,/en/pro-app/2.7/tool-reference/crime-analysis
Data Interoperability toolbox,/en/pro-app/2.7/tool-reference/data-interoperability
Data Management toolbox,/en/pro-app/2.7/tool-reference/data-management
Data Reviewer toolbox,/en/pro-app/2.7/tool-reference/data-reviewer
Defense  toolbox,/en/pro-app/2.7/tool-reference/defense
Editing toolbox,/en/pro-app/2.7/tool-reference/editing
Feature Analysis toolbox,/en/pro-app/2.7/tool-reference/feature-analysis
GeoAnalytics Desktop toolbox,/en/pro-app/2.7/tool-reference/geoanalytics-desktop
GeoAnalytics Server toolbox,/en/pro-app/2.7/tool-reference/big-data-analytics
Geocoding toolbox,/en/pro-app/2.7/tool-reference/geocoding
Geostatistical Analyst toolbox,/en/pro-app/2.7/tool-reference/geostatistical-analyst
Image Analyst toolbox,/en/pro-app/2.7/tool-reference/image-analyst
Indoors toolbox,/en/pro-app/2.7/tool-reference/indoors
Intelligence toolbox,/en/pro-app/2.7/tool-reference/intelligence
Linear Referencing toolbox,/en/pro-app/2.7/tool-reference/linear-referencing
Location Referencing toolbox,/en/pro-app/2.7/tool-reference/location-referencing
Maritime toolbox,/en/pro-app/2.7/tool-reference/maritime
Multidimension toolbox,/en/pro-app/2.7/tool-reference/multidimension
Network Analyst toolbox,/en/pro-app/2.7/tool-reference/network-analyst
Network Diagram toolbox,/en/pro-app/2.7/tool-reference/network-diagram
Parcels toolbox,/en/pro-app/2.7/tool-reference/parcel
Raster Analysis toolbox,/en/pro-app/2.7/tool-reference/raster-analysis
Ready To Use toolbox,/en/pro-app/2.7/tool-reference/ready-to-use
Server toolbox,/en/pro-app/2.7/tool-reference/server
Space Time Pattern Mining toolbox,/en/pro-app/2.7/tool-reference/space-time-pattern-mining
Spatial Analyst toolbox,/en/pro-app/2.7/tool-reference/spatial-analyst
Spatial Statistics toolbox,/en/pro-app/2.7/tool-reference/spatial-statistics
Territory Design toolbox,/en/pro-app/2.7/tool-reference/territory-design
Topographic Production toolbox,/en/pro-app/2.7/tool-reference/topographic-production
Trace Network toolbox,/en/pro-app/2.7/tool-reference/trace-network
Utility Network toolbox,/en/pro-app/2.7/tool-reference/utility-networks
Workflow Manager toolbox,/en/pro-app/2.7/tool-reference/workflow-manager
