Toolset,Description,url,toolbox,toolset_names,toolset_urls,toolset_desc,toolbox_desc
3D Features,Provides tools for evaluating geometric properties and relationships between three-dimensional features.,/en/pro-app/2.7/tool-reference/3d-analyst/an-overview-of-the-3d-features-toolset.htm,3D Analyst toolbox,NA,NA,NA,NA
3D Intersections,Contains  tools for evaluating where overlapping 3D datasets meet and visualizing them using various representations.,/en/pro-app/2.7/tool-reference/3d-analyst/an-overview-of-the-3d-intersections-toolset.htm#GUID-43757A6E-550D-44D3-A31E-3FB8C79A2350,3D Analyst toolbox,NA,NA,NA,NA
3D Proximity,"Contains tools for performing distance-based evaluations of 3D points, LAS point clouds, lines, and multipatch features.",/en/pro-app/2.7/tool-reference/3d-analyst/an-overview-of-the-3d-proximity-toolset.htm#GUID-B961E6FE-2E3D-4DC7-9594-A9EBF5315A4E,3D Analyst toolbox,NA,NA,NA,NA
Area and Volume,Contains tools that provide solutions for analyzing change between surfaces and generating volumetric representations of 3D data.,/en/pro-app/2.7/tool-reference/3d-analyst/an-overview-of-the-area-and-volume-toolset.htm#GUID-430B25B3-60A4-4308-B726-4FBBBCD390A6,3D Analyst toolbox,NA,NA,NA,NA
LAS Dataset,"Contains toolsets and tools for converting and managing LAS files, and modifying the classification of LAS data.",/en/pro-app/2.7/tool-reference/3d-analyst/an-overview-of-the-las-dataset-toolset.htm#GUID-088B5F79-22FD-42D3-AC39-C2AE6BA06B91,3D Analyst toolbox,NA,NA,NA,NA
Raster,"Contains tools for converting raster surfaces and extracting their footprint alongside tools for reclassifying raster data, interpolating surfaces from point measurements, performing math operations using cell values, and generating surface derivatives such as slope, contour, aspect, and curvature.",/en/pro-app/2.7/tool-reference/3d-analyst/an-overview-of-the-raster-toolset.htm#GUID-7278F23C-7CEF-4FC1-B3CF-962B27E2A1BD,3D Analyst toolbox,NA,NA,NA,NA
Statistics,"Contains tools for aggregating statistics about z-enabled data  from features, point clouds, raster, and triangulated surfaces.",/en/pro-app/2.7/tool-reference/3d-analyst/an-overview-of-the-statistics-toolset.htm#GUID-7E9B50CF-27EB-4338-A92A-901DBFFB4D18,3D Analyst toolbox,NA,NA,NA,NA
Terrain Dataset,Contains tools to create and manage terrain datasets.,/en/pro-app/2.7/tool-reference/3d-analyst/an-overview-of-the-terrain-dataset-toolset.htm#GUID-7CCCEC8B-D581-46F7-9F8F-E4A0B23EAC67,3D Analyst toolbox,NA,NA,NA,NA
TIN Dataset,"Contains tools for creating, modifying, and converting triangulated irregular network (TIN) datasets.",/en/pro-app/2.7/tool-reference/3d-analyst/an-overview-of-the-tin-dataset-toolset.htm#GUID-C9D43C89-9867-4DE5-9F32-96A48F0C48F2,3D Analyst toolbox,NA,NA,NA,NA
Triangulated Surface,"Provides analysis tools that enable the determination of surface properties of TIN, terrain, and LAS datasets, such as contours, slope, aspect, hillshade, difference calculation, volumetric computations, and outlier detection.",/en/pro-app/2.7/tool-reference/3d-analyst/an-overview-of-the-triangulated-surface-toolset.htm,3D Analyst toolbox,NA,NA,NA,NA
Visibility,"Features tools that enable visibility analysis to be performed using various types of observer features and obstruction sources that  include surfaces, multipatches, which are great for representing structures like buildings, and 3D features.",/en/pro-app/2.7/tool-reference/3d-analyst/an-overview-of-the-visibility-toolset.htm,3D Analyst toolbox,NA,NA,NA,NA
NA,NA,NA,Analysis toolbox,NA,NA,NA,NA
Airports,The  Airports toolset contains tools that examine and generate obstruction identification surfaces (OIS) and process 18B data.,/en/pro-app/2.7/tool-reference/aviation/an-overview-of-the-airports-toolset.htm,Aviation toolbox,NA,NA,NA,NA
Charting,The  Charting toolset contains other toolsets with tools that efficiently gather information to populate source features and import AIXM data into an aviation geodatabase.,/en/pro-app/2.7/tool-reference/aviation/an-overview-of-the-charting-toolset.htm,Aviation toolbox,NA,NA,NA,NA
NA,NA,NA,Business Analyst toolbox,NA,NA,NA,NA
Annotation,The Annotation toolset contains tools that allow you to automate your annotation workflow.,/en/pro-app/2.7/tool-reference/cartography/an-overview-of-the-annotation-toolset.htm,Cartography toolbox,NA,NA,NA,NA
Cartographic Refinement,Contains tools to enrich symbology by adjusting the alignment and arrangement of symbols and creating bridge and tunnel features.,/en/pro-app/2.7/tool-reference/cartography/an-overview-of-the-cartographic-refinement-toolset.htm,Cartography toolbox,NA,NA,NA,NA
Generalization,The Generalization toolset contains tools that simplify and refine features for display at smaller scales.,/en/pro-app/2.7/tool-reference/cartography/an-overview-of-the-generalization-toolset.htm,Cartography toolbox,NA,NA,NA,NA
Graphic Conflicts,Contains tools to detect and resolve graphic conflicts among symbolized features.,/en/pro-app/2.7/tool-reference/cartography/an-overview-of-the-graphic-conflicts-toolset.htm,Cartography toolbox,NA,NA,NA,NA
Map Series,Contains tools that create and prepare an index layer for use in map series. The features of an index layer are used to define the extents of multiple pages. One page of output is generated for each feature extent.,/en/pro-app/2.7/tool-reference/cartography/an-overview-of-the-map-series-toolset.htm,Cartography toolbox,NA,NA,NA,NA
Masking,Contains tools to create masks to enhance cartographic display by obscuring conflicting feature symbology,/en/pro-app/2.7/tool-reference/cartography/an-overview-of-the-masking-toolset.htm,Cartography toolbox,NA,NA,NA,NA
Excel,The Excel toolset contains tools to convert Microsoft Excel files to and from tables.,/en/pro-app/2.7/tool-reference/conversion/an-overview-of-the-excel-toolset.htm,Conversion toolbox,NA,NA,NA,NA
From Raster,"With the tools in the From Raster toolset, you can convert the information in a raster dataset to a different type of data structure, such as a feature class, or to a different type of file, such as a binary or text file.",/en/pro-app/2.7/tool-reference/conversion/an-overview-of-the-from-raster-toolset.htm,Conversion toolbox,NA,NA,NA,NA
From WFS,This toolset provides a tool to convert the features from WFS into a feature class to provide more functionality for those features.,/en/pro-app/2.7/tool-reference/conversion/an-overview-of-the-from-wfs-toolset.htm,Conversion toolbox,NA,NA,NA,NA
GPS,The GPS toolset contains tools to convert  between GPS Exchange Format (GPX) and feature classes.,/en/pro-app/2.7/tool-reference/conversion/an-overview-of-the-from-gps-toolset.htm,Conversion toolbox,NA,NA,NA,NA
JSON,"The JSON toolset contains tools to convert features between JSON (JavaScript Object Notation) or GeoJSON and feature classes. JSON and GeoJSON are text-based, lightweight interchange data formats that are used to share GIS data between ArcGIS and other systems. 
These formats are language-agnostic, and most programming languages—such as Python, C#, Java, JavaScript, and so on—provide libraries to read, manipulate, and write JSON and GeoJSON.",/en/pro-app/2.7/tool-reference/conversion/an-overview-of-the-json-toolset.htm,Conversion toolbox,NA,NA,NA,NA
KML,The KML toolset contains tools to convert from Keyhole Markup Language (KML) to features in a geodatabase.,/en/pro-app/2.7/tool-reference/conversion/an-overview-of-the-kml-toolset.htm,Conversion toolbox,NA,NA,NA,NA
LAS,"The 
 LAS file format was designed to store discrete returns from lidar surveys in an efficient binary data structure, but over time, it has also been used to store point clouds from sources other than lidar. LAS files can be converted between different LAS file versions, point record formats, and compression types. It can also be exported to a raster to generate a surface model or an image from either the lidar intensity or the red-green-blue values associated with each point.",/en/pro-app/2.7/tool-reference/conversion/an-overview-of-the-las-toolset.htm,Conversion toolbox,NA,NA,NA,NA
To CAD,Tools in the To CAD toolset convert geodatabase features to native CAD formats. You can use these tools in geoprocessing models and scripts to define your own conversion procedures.,/en/pro-app/2.7/tool-reference/conversion/an-overview-of-the-to-cad-toolset.htm,Conversion toolbox,NA,NA,NA,NA
To Collada,"COLLADA—which stands for COLLAborative Design Activity—is an open-standard XML format for storing 3D models. It is often used as an interchange format for 3D applications, and is the format for 3D textured objects stored inside KML. COLLADA files have the .dae file extension and can reference additional image files that act as textures draped onto the 3D object. Exporting multipatch features to COLLADA allows the sharing of complex analysis results with others and also provides a mechanism for updating textured 3D GIS data, such as buildings, using third-party software like SketchUp or 3DS Max.",/en/pro-app/2.7/tool-reference/conversion/an-overview-of-the-to-collada-toolset.htm,Conversion toolbox,NA,NA,NA,NA
To dBASE,dBASE tables are used to store attributes that can be joined to shapefile features by an attribute key. The Table to dBASE tool can be used to migrate INFO tables or even other dBASE tables so that they can be used by specific shapefiles.,/en/pro-app/2.7/tool-reference/conversion/an-overview-of-the-to-dbase-toolset.htm,Conversion toolbox,NA,NA,NA,NA
To Geodatabase,The To Geodatabase toolset contains tools to convert and write data to a geodatabase.,/en/pro-app/2.7/tool-reference/conversion/an-overview-of-the-to-geodatabase-toolset.htm,Conversion toolbox,NA,NA,NA,NA
To GeoPackage,The To GeoPackage toolset contains a tool to convert datasets into the OGC GeoPackage format.,/en/pro-app/2.7/tool-reference/conversion/an-overview-of-the-to-geopackage-toolset.htm,Conversion toolbox,NA,NA,NA,NA
To Raster,"Raster information can be stored in several data file formats that can be read by ArcGIS. With the To Raster toolset, you can convert these files into raster datasets. The toolset also contains tools that allow you to convert different types of feature information into rasters.",/en/pro-app/2.7/tool-reference/conversion/an-overview-of-the-to-raster-toolset.htm,Conversion toolbox,NA,NA,NA,NA
To Shapefile,"A shapefile is a simple, nontopological format for storing the geometric location and attribute information of geographic features. Geographic features in a shapefile can be represented by points, lines, or polygons (areas).",/en/pro-app/2.7/tool-reference/conversion/an-overview-of-the-to-shapefile-toolset.htm,Conversion toolbox,NA,NA,NA,NA
Transit Feed (GTFS),"The tools  in the Transit Feed (GTFS) toolset support the conversion of General Transit Feed Specification (GTFS) datasets into feature classes and tables that can be visualized in a map, used as input for further analysis, or used to construct a network dataset. Some of the tools allow you to create or update GTFS files. GTFS is the only worldwide standardized format for public transit data. It includes the locations of transit lines and stops as well as the schedules.",/en/pro-app/2.7/tool-reference/conversion/an-overview-of-the-transit-feed-gtfs-toolset.htm,Conversion toolbox,NA,NA,NA,NA
NA,NA,NA,Crime Analysis and Safety toolbox,NA,NA,NA,NA
NA,NA,NA,Data Interoperability toolbox,NA,NA,NA,NA
3D Objects,"The 3D Objects toolset contains tools for enhancing a multipatch feature class with the capabilities of the 3D object feature layer.  The 3D object feature layer improves multipatch features by optimizing the storage of texture information and adding support for additional visualization effects, textures, and materials associated with several 3D modeling formats.",/en/pro-app/2.7/tool-reference/data-management/an-overview-of-the-3d-objects-toolset.htm,Data Management toolbox,NA,NA,NA,NA
Archiving,"The Archiving toolset contains tools for managing geodatabase archiving.   Archiving in ArcGIS provides the functionality to record and access changes made to data in a geodatabase. Geodatabase archiving is the mechanism for capturing, managing, and analyzing data change.",/en/pro-app/2.7/tool-reference/data-management/an-overview-of-the-archiving-toolset.htm,Data Management toolbox,NA,NA,NA,NA
Attachments,The Attachments toolset contains tools for managing geodatabase attachments.  The attachments functionality provides a powerful way to associate nongeographic data with your geographic information. With these geoprocessing tools you can more easily incorporate attachments into your workflows and automate the process of adding and removing attachments.,/en/pro-app/2.7/tool-reference/data-management/an-overview-of-the-attachments-toolset.htm,Data Management toolbox,NA,NA,NA,NA
Attribute Rules,The Attribute Rules toolset contains tools for managing geodatabase attribute rules.  Attribute rule functionality provides a way to add custom rules and behaviour to your geodatabase data. With these geoprocessing tools you can easily incorporate attribute rules into your workflows and automate the process of adding and removing rules.,/en/pro-app/2.7/tool-reference/data-management/an-overview-of-the-attribute-rules-toolset.htm,Data Management toolbox,NA,NA,NA,NA
Contingent Values,The Contingent Values toolset contains tools for managing geodatabase contingent values and field groups.  Contingent values functionality provides a way to add custom behavior to your geodatabase data. You can incorporate contingent values into your workflows and automate the process of adding and removing values using these tools.,/en/pro-app/2.7/tool-reference/data-management/an-overview-of-the-contingent-values-toolset.htm#GUID-1543D2B7-A014-4302-A2E2-8AC811547FED,Data Management toolbox,NA,NA,NA,NA
Data Comparison,The Data Comparison toolset contains tools to compare one dataset with another dataset to report similarities and differences. You can use these tools to identify changes made to a dataset.,/en/pro-app/2.7/tool-reference/data-management/an-overview-of-the-data-comparison-toolset.htm,Data Management toolbox,NA,NA,NA,NA
Distributed  Geodatabase,The Distributed Geodatabase toolset contains tools that allow you to create and synchronize changes between replica geodatabases.,/en/pro-app/2.7/tool-reference/data-management/an-overview-of-the-distributed-geodatabase-toolset.htm,Data Management toolbox,NA,NA,NA,NA
Domains,Domains offer a way to define a range of values that can be used for multiple attribute fields. Using domains helps ensure data integrity by limiting the choice of values for a particular field. Validation for coded value domains is accomplished by restricting  field values found in drop-down lists. Range domains are automatically validated during editing.,/en/pro-app/2.7/tool-reference/data-management/an-overview-of-the-domains-toolset.htm,Data Management toolbox,NA,NA,NA,NA
Feature Binning,"The Feature Binning toolset contains tools for managing feature binning.
 Feature binning is an advanced visualization capability that allows users to explore and visualize large datasets. It also helps users observe patterns at macro and micro levels with simple out-of-the-box mapping options.",/en/pro-app/2.7/tool-reference/data-management/an-overview-of-the-feature-binning-toolset.htm,Data Management toolbox,NA,NA,NA,NA
Feature Class,The Feature Class toolset provides a set of tools that perform basic feature class management.,/en/pro-app/2.7/tool-reference/data-management/an-overview-of-the-feature-class-toolset.htm,Data Management toolbox,NA,NA,NA,NA
Features,"The Features toolset contains tools to create and manage feature-based GIS data, transform features from one geometry type to another, find and correct issues with feature geometry, and record feature geometry measurements and coordinates as attributes.",/en/pro-app/2.7/tool-reference/data-management/an-overview-of-the-features-toolset.htm,Data Management toolbox,NA,NA,NA,NA
Fields,"The Fields toolset contains a set of tools to create and modify fields. A field is a column in a table; each field contains the values for a single attribute. Any number of fields can be included in a table. Settings can be specified for fields, such as the field type and the maximum size of the data that can be stored in it.",/en/pro-app/2.7/tool-reference/data-management/an-overview-of-the-fields-toolset.htm,Data Management toolbox,NA,NA,NA,NA
File Geodatabase,"To reduce storage requirements, you can compress vector file geodatabase feature classes and tables to a read-only format. Files can reduce to as little as 1/4 their original size. Once compressed, a dataset looks the same in ArcCatalog and ArcMap as when it was uncompressed. Also, apart from editing, you work with it the same way. The compressed data is a direct access format, so you do not have to uncompress it each time you access it: ArcGIS and ArcReader read it directly.",/en/pro-app/2.7/tool-reference/data-management/an-overview-of-the-file-geodatabase-toolset.htm,Data Management toolbox,NA,NA,NA,NA
General,"The General toolset contains tools for performing general data management operations. The toolset contains tools for combining feature classes or tables; renaming, copying, or deleting datasets; finding or deleting duplicate or identical records; and sorting records.",/en/pro-app/2.7/tool-reference/data-management/an-overview-of-the-general-toolset.htm,Data Management toolbox,NA,NA,NA,NA
Generalization,Tools in the Generalization toolset can be used to aggregate or eliminate features.,/en/pro-app/2.7/tool-reference/data-management/an-overview-of-the-generalization-toolset.htm,Data Management toolbox,NA,NA,NA,NA
Geodatabase Administration,"The Geodatabase Administration toolset contains tools for a variety of geodatabase management tasks.    Specific geodatabase data management tools as well as geodatabase upgrade, management, and maintenance are covered by the tools in this toolset.",/en/pro-app/2.7/tool-reference/data-management/an-overview-of-the-geodatabase-administration-toolset.htm,Data Management toolbox,NA,NA,NA,NA
Indexes,The Indexes toolset provides tools that create and remove indexes.,/en/pro-app/2.7/tool-reference/data-management/an-overview-of-the-indexes-toolset.htm,Data Management toolbox,NA,NA,NA,NA
Joins and Relates,"Tools in the Joins and Relates toolset create a  join or a relate between a layer and a table view.  Joins made with the Add Join tool  or relates made with the Add Relate tool  are temporary and do not permanently transfer the fields between tables. If you need to preserve the join or relate between sessions, you can create a relationship using the tools in the Relationship Classes toolset.",/en/pro-app/2.7/tool-reference/data-management/an-overview-of-the-joins-toolset.htm,Data Management toolbox,NA,NA,NA,NA
LAS Dataset,"The LAS Dataset toolset provides tools for creating, managing, and optimizing an LAS dataset. The LAS dataset data type references collections of LAS files, making them easier to process, visualize, and analyze.",/en/pro-app/2.7/tool-reference/data-management/an-overview-of-the-las-dataset-toolset.htm,Data Management toolbox,NA,NA,NA,NA
Layers and Table Views,"The Layers and Table Views toolset creates and manipulates layers, layer files, and table views.",/en/pro-app/2.7/tool-reference/data-management/an-overview-of-the-layers-and-table-views-toolset.htm,Data Management toolbox,NA,NA,NA,NA
Package,"The Package toolset provides tools to consolidate,  package, and share layers (.lyr and .lyrx),  maps (.mxd and .mapx), projects (.aprx), address locators  (.loc), and geoprocessing results.",/en/pro-app/2.7/tool-reference/data-management/an-overview-of-the-package-toolset.htm,Data Management toolbox,NA,NA,NA,NA
Photos,The Photos toolset contains tools for analyzing and managing digital photograph files. The toolset includes tools for creating a point feature class from geotagged photo files (photos that were captured from a GPS camera device or a smartphone) and matching photo files to features or table rows based on the time stamp of the photo.,/en/pro-app/2.7/tool-reference/data-management/an-overview-of-the-photos-toolset.htm,Data Management toolbox,NA,NA,NA,NA
Projections and Transformations,"This toolset contains tools to convert geographic data from one map projection to another.  There are additional tools for transforming raster datasets, such as shift, rescale, and rotate.",/en/pro-app/2.7/tool-reference/data-management/an-overview-of-projections-and-transformations-toolset.htm,Data Management toolbox,NA,NA,NA,NA
Raster,The Raster toolset in the Data Management toolbox provides tools that perform raster data management and raster processing. These tools allow you to work with raster dataset properties and create and process raster data.,/en/pro-app/2.7/tool-reference/data-management/an-overview-of-the-raster-toolset.htm,Data Management toolbox,NA,NA,NA,NA
Relationship Classes,"Relationship classes define relationships between objects in the geodatabase. These relationships can be simple one-to-one relationships, similar to what you might create between a feature and a row in a table, or more complex one-to-many (or many-to-many) relationships between features and table rows. Some relationships specify that a given feature, row, or table is not only related to another feature but that creating, editing, or deleting one will have a specified effect on the other. These are called composite relationships, and they can be used to ensure that the links between objects in the database are maintained and up to date. Deleting a feature, such as a power pole, can trigger the deletion of other features, such as a transformer mounted on the pole or the maintenance records in a related table.",/en/pro-app/2.7/tool-reference/data-management/an-overview-of-the-relationship-classes-toolset.htm,Data Management toolbox,NA,NA,NA,NA
Sampling,"The Sampling toolset provides tools that create features used either as sampling locations or as aggregation areas.  For example, the Create Random Points tool creates points that can be used as sampling locations within the extent of a dataset.   The Generate Tessellation tool creates a mesh of triangle, square, or hexagon polygons within an extent that can be used to aggregate other data.",/en/pro-app/2.7/tool-reference/data-management/an-overview-of-the-sampling-toolset.htm,Data Management toolbox,NA,NA,NA,NA
Subtypes,"One of the great advantages of using the geodatabase to store geographic data is the ability to create subtypes for your features and attributes. Subtypes provide a method of dividing your feature classes or tables into logical groupings based on an attribute value. By allowing you to work with a subset of features in a feature class, subtypes make it possible to assign consistent attributes and behavior to those subsets.",/en/pro-app/2.7/tool-reference/data-management/an-overview-of-the-subtypes-toolset.htm,Data Management toolbox,NA,NA,NA,NA
Table,"A table contains a collection of rows and columns, where each row, or record, represents a geographic feature—such as a parcel, power pole, highway, or group of lakes—and each column, or field, describes a particular attribute of the geographic feature, such as its square footage, height, length, and area. Tables are typically stored in a database or simply in files such as dBASE tables. Tables manage the attributes of geographic features.",/en/pro-app/2.7/tool-reference/data-management/an-overview-of-the-table-toolset.htm,Data Management toolbox,NA,NA,NA,NA
Tile Cache,"The Tile Cache toolset contains tools to generate, manage, import, and export  tile caches. These tools are capable of generating tile caches from a raster dataset or a mosaic dataset on your desktop without the need for ArcGIS Server. These tile caches can then be shared as tile packages on ArcGIS Online and published as tiled map services.",/en/pro-app/2.7/tool-reference/data-management/an-overview-of-the-tile-cache-toolset.htm,Data Management toolbox,NA,NA,NA,NA
Topology,The Topology toolset contains a set of tools that can be used to create and manage a geodatabase topology.,/en/pro-app/2.7/tool-reference/data-management/an-overview-of-the-topology-toolset.htm,Data Management toolbox,NA,NA,NA,NA
Versions,"Versioning allows multiple users to access geographic data in a geodatabase. Versioning lets connected users simultaneously create multiple, persistent representations of the geodatabase without data duplication. The same features or rows can be concurrently edited without explicitly applying locking the data. This framework lets you create versions of a geodatabase for the states of a project, reconcile differences between versions, and update the master version of a geodatabase with the design as-built. Versioning is supported by the Enterprise  geodatabase only.",/en/pro-app/2.7/tool-reference/data-management/an-overview-of-the-versions-toolset.htm,Data Management toolbox,NA,NA,NA,NA
Workspace,The Workspace toolset contains a set of tools to create the data storage structures used by ArcGIS.,/en/pro-app/2.7/tool-reference/data-management/an-overview-of-the-workspace-toolset.htm,Data Management toolbox,NA,NA,NA,NA
Data Validation,"The Data Validation toolset offers tools you can use to ensure your data meets a 
product specification or other business rules in your organization. The Data Validation toolset has tools for running batch jobs on data to ensure data complies with rules your organization has defined for the data before it is considered valid.",/en/pro-app/2.7/tool-reference/data-reviewer/an-overview-of-the-data-validation-toolset.htm#GUID-BDA43787-B885-4D04-8327-1AE9B29953B7,Data Reviewer toolbox,NA,NA,NA,NA
Result Management,"Batch job results are stored in sessions within Reviewer workspaces. 
Sessions can be organized in a number of different ways so you can see the state of your data at different points in time, or by the types of results you have found, such as sampling and feature class results.Tools in the Result Management toolset can be used to manage the sessions containing the results.",/en/pro-app/2.7/tool-reference/data-reviewer/an-overview-of-the-result-management-toolset.htm#GUID-62F80B32-95A4-45F8-B0EE-11376216B7F1,Data Reviewer toolbox,NA,NA,NA,NA
NA,NA,NA,Defense  toolbox,NA,NA,NA,NA
NA,NA,NA,Editing toolbox,NA,NA,NA,NA
NA,NA,NA,Feature Analysis toolbox,NA,NA,NA,NA
Analyze Patterns,"The Analyze Patterns toolset contains tools that identify, quantify, and visualize spatial patterns in feature data.",NA,GeoAnalytics Desktop toolbox,NA,NA,NA,NA
Data Enrichment,"The Data Enrichment
toolset contains a tool for adding attributes to existing features for visualization, regression, and prediction.",/en/pro-app/2.7/tool-reference/geoanalytics-desktop/an-overview-of-the-data-enrichment-toolset.htm,GeoAnalytics Desktop toolbox,NA,NA,NA,NA
Find Locations,"This toolset is used to identify areas that meet a number of different criteria you specify. The criteria can be based on attribute queries (for example, parcels that are vacant) and spatial queries (for example, within 1 kilometer of a river). The areas that are found can be selected from existing features (such as existing land parcels), or new features can be created where all the requirements are met.",/en/pro-app/2.7/tool-reference/geoanalytics-desktop/an-overview-of-the-find-locations-toolset.htm,GeoAnalytics Desktop toolbox,NA,NA,NA,NA
Manage Data,The Manage Data toolset contains tools used for the day-to-day management of geographic data.,/en/pro-app/2.7/tool-reference/geoanalytics-desktop/an-overview-of-the-manage-data-toolset.htm,GeoAnalytics Desktop toolbox,NA,NA,NA,NA
Summarize Data,"The Summarize Data toolset contains tools that calculate total counts, lengths, areas, and basic descriptive statistics of features and their attributes within areas or near other features.",/en/pro-app/2.7/tool-reference/geoanalytics-desktop/an-overview-of-the-summarize-data-toolset.htm,GeoAnalytics Desktop toolbox,NA,NA,NA,NA
Use Proximity,"The Use Proximity toolset contains tools for answering the spatial analysis question, What is near what?",/en/pro-app/2.7/tool-reference/geoanalytics-desktop/an-overview-of-the-use-proximity-toolset.htm,GeoAnalytics Desktop toolbox,NA,NA,NA,NA
Utilities,The Utilities toolset contains tools that support the creation and modification of big data connections..,/en/pro-app/2.7/tool-reference/geoanalytics-desktop/an-overview-of-the-utilities-toolset.htm,GeoAnalytics Desktop toolbox,NA,NA,NA,NA
Analyze Patterns,"The Analyze Patterns toolset contains tools that identify, quantify, and visualize spatial patterns in feature data.",/en/pro-app/2.7/tool-reference/big-data-analytics/an-overview-of-the-analyze-patterns-toolset.htm,GeoAnalytics Server toolbox,NA,NA,NA,NA
Data Enrichment,"The Data Enrichment
toolset contains a tool for adding attributes to existing features for visualization, regression, and prediction.",/en/pro-app/2.7/tool-reference/big-data-analytics/an-overview-of-the-data-enrichment-toolset.htm,GeoAnalytics Server toolbox,NA,NA,NA,NA
Find Locations,"This toolset is used to identify areas that meet a number of different criteria you specify. The criteria can be based on attribute queries (for example, parcels that are vacant) and spatial queries (for example, within 1 kilometer of a river). The areas that are found can be selected from existing features (such as existing land parcels), or new features can be created where all the requirements are met.",/en/pro-app/2.7/tool-reference/big-data-analytics/an-overview-of-the-find-locations-toolset.htm,GeoAnalytics Server toolbox,NA,NA,NA,NA
Manage Data,The Manage Data toolset contains tools used for the day-to-day management of geographic data.,/en/pro-app/2.7/tool-reference/big-data-analytics/an-overview-of-the-manage-data-toolset.htm,GeoAnalytics Server toolbox,NA,NA,NA,NA
Summarize Data,"The Summarize Data toolset contains tools that calculate total counts, lengths, areas, and basic descriptive statistics of features and their attributes within areas or near other features.",/en/pro-app/2.7/tool-reference/big-data-analytics/an-overview-of-the-summarize-data-toolset.htm,GeoAnalytics Server toolbox,NA,NA,NA,NA
Use Proximity,"The Use Proximity toolset contains tools for answering the spatial analysis question, What is near what?",/en/pro-app/2.7/tool-reference/big-data-analytics/an-overview-of-the-use-proximity-toolset.htm,GeoAnalytics Server toolbox,NA,NA,NA,NA
NA,NA,NA,Geocoding toolbox,NA,NA,NA,NA
NA,NA,NA,Geostatistical Analyst toolbox,NA,NA,NA,NA
Change Detection,The Change Detection toolset contains a tool that performs change detection between two raster datasets.,/en/pro-app/2.7/tool-reference/image-analyst/an-overview-of-the-change-detection-toolset-in-image-analyst.htm,Image Analyst toolbox,NA,NA,NA,NA
Deep Learning,The Deep Learning toolset contains tools to detect specific features in an image or to classify pixels in a raster dataset.,/en/pro-app/2.7/tool-reference/image-analyst/an-overview-of-the-deep-learning-toolset-in-image-analyst.htm,Image Analyst toolbox,NA,NA,NA,NA
Extraction,The Extraction toolset allows you to extract a subset of pixels from a raster by the pixels' attributes or their spatial location.,/en/pro-app/2.7/tool-reference/image-analyst/an-overview-of-the-extraction-toolset-in-image-analyst.htm,Image Analyst toolbox,NA,NA,NA,NA
Map Algebra,"Map Algebra is a way to perform spatial analysis by creating expressions in an algebraic language.  With the Raster Calculator tool, you can easily create and run Map Algebra expressions that output a raster dataset.",/en/pro-app/2.7/tool-reference/image-analyst/an-overview-of-the-map-algebra-toolset-in-image-analyst.htm,Image Analyst toolbox,NA,NA,NA,NA
Math,"The Math toolset contains tools that perform mathematical operations on rasters.The tools are grouped into four main categories:
MathThe tools at the top level of the math toolset perform basic mathematical operations on rasters in the following categories: Arithmetic, Power, Exponential, and Logarithmic. Also included are tools that alter the sign of the raster values, as well as those involved in converting the values between integer and floating point.ConditionalThe Conditional math toolset allows you to control the output values based on the conditions placed on the input values.LogicalThe Logical math toolset contains tools for performing logical evaluations on rasters in the following categories: Bitwise, Boolean, Combinatorial, Relational, and Conditional.TrigonometricThe Trigonometric math toolset contains tools for trigonometric calculations in several categories: Regular, Inverse, Hyperbolic, and Inverse Hyperbolic.",/en/pro-app/2.7/tool-reference/image-analyst/an-overview-of-the-math-tools-in-image-analyst.htm,Image Analyst toolbox,NA,NA,NA,NA
Motion Imagery,"The Motion Imagery toolset contains tools for managing, processing, and analyzing motion imagery, including full motion video data.",/en/pro-app/2.7/tool-reference/image-analyst/an-overview-of-the-motion-imagery-tools-in-image-analyst.htm,Image Analyst toolbox,NA,NA,NA,NA
Multidimensional Analysis,"The tools in the Multidimensional Analysis toolset allow you to perform analysis   
on scientific data across multiple variables and dimensions.",/en/pro-app/2.7/tool-reference/image-analyst/an-overview-of-the-multidimensional-analysis-toolset-in-image-analyst.htm,Image Analyst toolbox,NA,NA,NA,NA
Overlay,With the Overlay analysis toolset you can weight and overlay several rasters to create a single summary raster result.,/en/pro-app/2.7/tool-reference/image-analyst/an-overview-of-the-overlay-tools-in-image-analyst.htm,Image Analyst toolbox,NA,NA,NA,NA
Segmentation and Classification,"With the segmentation and classification tools, you can prepare segmented rasters to use in creating classified raster datasets.",/en/pro-app/2.7/tool-reference/image-analyst/an-overview-of-the-segmentation-and-classification-tools-in-image-analyst.htm,Image Analyst toolbox,NA,NA,NA,NA
Statistical,The statistical tools perform statistical operations on raster data.,/en/pro-app/2.7/tool-reference/image-analyst/an-overview-of-the-statistical-tools-in-image-analyst.htm,Image Analyst toolbox,NA,NA,NA,NA
NA,NA,NA,Indoors toolbox,NA,NA,NA,NA
Analysis,The Analysis toolset contains tools that conduct analysis in an intelligence context.,/en/pro-app/2.7/tool-reference/intelligence/an-overview-of-the-analysis-toolset.htm,Intelligence toolbox,NA,NA,NA,NA
Conversion,"The 
Conversion toolset contains tools that convert different types of intelligence source data.",/en/pro-app/2.7/tool-reference/intelligence/an-overview-of-the-conversion-toolset.htm,Intelligence toolbox,NA,NA,NA,NA
Movement,"The Movement Analysis toolset contains tools that 
analyze point track data including comparing tracks over different areas, extracting unique identifiers from a point tract dataset, and identifying locations where tracks meet.",/en/pro-app/2.7/tool-reference/intelligence/an-overview-of-the-movement-analysis-toolset.htm,Intelligence toolbox,NA,NA,NA,NA
NA,NA,NA,Linear Referencing toolbox,NA,NA,NA,NA
NA,NA,NA,Location Referencing toolbox,NA,NA,NA,NA
NA,NA,NA,Maritime toolbox,NA,NA,NA,NA
NA,NA,NA,Multidimension toolbox,NA,NA,NA,NA
NA,NA,NA,Network Analyst toolbox,NA,NA,NA,NA
NA,NA,NA,Network Diagram toolbox,NA,NA,NA,NA
NA,NA,NA,Parcels toolbox,NA,NA,NA,NA
Analyze Patterns,"These tools identify, quantify, and visualize spatial patterns in data.",/en/pro-app/2.7/tool-reference/raster-analysis/an-overview-of-the-analyze-patterns-toolset.htm,Raster Analysis toolbox,NA,NA,NA,NA
Analyze Terrain,This toolset contains a tool that analyzes raster surfaces.,/en/pro-app/2.7/tool-reference/raster-analysis/an-overview-of-the-analyze-terrain-toolset.htm,Raster Analysis toolbox,NA,NA,NA,NA
Deep Learning,This toolset contains tools that detect specific features in an image or classify pixels in a raster dataset.,/en/pro-app/2.7/tool-reference/raster-analysis/an-overview-of-the-deep-learning-toolset-in-raster-analysis.htm,Raster Analysis toolbox,NA,NA,NA,NA
Generalize,This toolset contains a tool for generalizing or simplifying a raster layer.,/en/pro-app/2.7/tool-reference/raster-analysis/an-overview-of-the-generalize-toolset.htm,Raster Analysis toolbox,NA,NA,NA,NA
Hydrology,These tools model the flow of water across a surface.,/en/pro-app/2.7/tool-reference/raster-analysis/an-overview-of-the-hydrology-toolset.htm,Raster Analysis toolbox,NA,NA,NA,NA
Manage Data,These tools are used for the day-to-day management of geographic data.,/en/pro-app/2.7/tool-reference/raster-analysis/an-overview-of-the-manage-data-toolset.htm,Raster Analysis toolbox,NA,NA,NA,NA
Summarize Data,This toolset contains tools for calculating statistics for a raster layer within zones defined by another dataset.,/en/pro-app/2.7/tool-reference/raster-analysis/an-overview-of-the-summarize-data-toolset.htm,Raster Analysis toolbox,NA,NA,NA,NA
Use Proximity,These tools analyze distance and proximity.,/en/pro-app/2.7/tool-reference/raster-analysis/an-overview-of-the-use-proximity-toolset.htm,Raster Analysis toolbox,NA,NA,NA,NA
Use Proximity (Legacy),These legacy tools analyze distance and proximity.,/en/pro-app/2.7/tool-reference/raster-analysis/an-overview-of-the-legacy-use-proximity-toolset.htm,Raster Analysis toolbox,NA,NA,NA,NA
Elevation,"The 
Elevation toolset contains tools that operate on authoritative digital elevation models to derive surface information, such as calculating visible areas and profiles.",/en/pro-app/2.7/tool-reference/ready-to-use/an-overview-of-the-elevation-toolset.htm,Ready To Use toolbox,NA,NA,NA,NA
Hydrology,The Hydrology toolset contains tools that use elevation data and ancillary information to model the movement of water across the landscape for delineating watersheds and tracing downstream flow path.,/en/pro-app/2.7/tool-reference/ready-to-use/an-overview-of-the-hydrology-toolset.htm,Ready To Use toolbox,NA,NA,NA,NA
Network Analysis,"The Network Analysis toolset contains tools that allow you to perform analyses on street networks, such as finding the best route across a city, finding the closest emergency vehicle or facility, identifying a service area around a location, or servicing a set of orders with a fleet of vehicles.",/en/pro-app/2.7/tool-reference/ready-to-use/an-overview-of-the-network-analysis-toolset.htm,Ready To Use toolbox,NA,NA,NA,NA
Caching,The Caching toolset creates and manages caches for faster display of web tile layers. The caches consist of pregenerated images that the server can distribute to clients.,/en/pro-app/2.7/tool-reference/server/an-overview-of-the-caching-toolset.htm,Server toolbox,NA,NA,NA,NA
Data Extraction,"The Data Extraction toolset provides four tools to implement advanced clip, zip, and ship tasks as an ArcGIS Server geoprocessing service.  General extracting tools, such as those in the   Extract toolset and the feature analysis tool Clip, only allow you to extract the subset of a single layer data with the output showing the same data format and spatial reference as the input. These tools are somewhat  limited for those who want to extract data with the flexibility to select multiple  layers, output format, and spatial reference—especially over the Internet. The Data Extraction toolset is designed to facilitate such functionality so you can efficiently extract the multiple-layered data with the specified format and spatial reference through the geoprocessing service.  Moreover, you can zip the output file and send it through email, thus making the whole extraction and delivery process more effective.",/en/pro-app/2.7/tool-reference/server/an-overview-of-the-data-extraction-toolset.htm,Server toolbox,NA,NA,NA,NA
Printing,The Printing toolset provides  tools to facilitate printing from web applications.,/en/pro-app/2.7/tool-reference/server/an-overview-of-the-printing-toolset.htm,Server toolbox,NA,NA,NA,NA
Publishing,The Publishing toolset provides tools to stage and share web layers and services. Sharing hosted web layers and services can be accomplished using ArcGIS Pro.,/en/pro-app/2.7/tool-reference/server/an-overview-of-the-publishing-toolset.htm,Server toolbox,NA,NA,NA,NA
NA,NA,NA,Space Time Pattern Mining toolbox,NA,NA,NA,NA
Conditional,"The Conditional tools allow you to control the output values based on the conditions placed on the input values. The conditions that can be applied are of two types, those being either queries on the attributes or a condition based on the position of the conditional statement in a list.",/en/pro-app/2.7/tool-reference/spatial-analyst/an-overview-of-the-conditional-tools.htm,Spatial Analyst toolbox,NA,NA,NA,NA
Density,"With the Density tools, you can calculate the density of input features within a neighborhood around each output raster cell.",/en/pro-app/2.7/tool-reference/spatial-analyst/an-overview-of-the-density-tools.htm,Spatial Analyst toolbox,NA,NA,NA,NA
Distance,"The Distance tools allow you to perform analysis that accounts for either straight-line (Euclidean) or weighted distance. Distance can be weighted by a simple cost (friction) surface, or in ways that account for vertical and horizontal restrictions to movement.",/en/pro-app/2.7/tool-reference/spatial-analyst/an-overview-of-the-distance-tools.htm,Spatial Analyst toolbox,NA,NA,NA,NA
Extraction,The Extraction tools allow you to extract a subset of cells from a raster by either the cells' attributes or their spatial location. You can also obtain the cell values for specific locations as an attribute in a point feature class or as a table.,/en/pro-app/2.7/tool-reference/spatial-analyst/an-overview-of-the-extraction-tools.htm,Spatial Analyst toolbox,NA,NA,NA,NA
Generalization,The generalization analysis tools are used to either clean up small erroneous data in the raster or generalize the data to get rid of unnecessary detail for a more general analysis.,/en/pro-app/2.7/tool-reference/spatial-analyst/an-overview-of-the-generalization-tools.htm,Spatial Analyst toolbox,NA,NA,NA,NA
Groundwater,The Groundwater tools can be used to perform rudimentary advection-dispersion modeling of constituents in groundwater flow.  The following topics provide background information on the theoretical aspects of the tools as well as some examples of their implementation.The Groundwater tools can be applied individually or used in sequence to model and analyze groundwater flow.,/en/pro-app/2.7/tool-reference/spatial-analyst/an-overview-of-the-groundwater-tools.htm,Spatial Analyst toolbox,NA,NA,NA,NA
Hydrology,The Hydrology tools are used to model the flow of water across a surface.The Hydrology tools can be applied individually or used in sequence to create a stream network or delineate watersheds.,/en/pro-app/2.7/tool-reference/spatial-analyst/an-overview-of-the-hydrology-tools.htm,Spatial Analyst toolbox,NA,NA,NA,NA
Interpolation,"The Interpolation tools create a continuous (or prediction) surface from sampled point values.The continuous surface representation of a raster dataset represents some measure, such as the height, concentration, or magnitude (for example, elevation, acidity, or noise level). Surface interpolation tools make predictions from sample measurements for all locations in an output raster dataset, whether or not a measurement has been taken at the location.",/en/pro-app/2.7/tool-reference/spatial-analyst/an-overview-of-the-interpolation-tools.htm,Spatial Analyst toolbox,NA,NA,NA,NA
Local,"The local tools are those where the value at each cell location on the output raster is a function of the values from all the inputs at that location.With the local tools, you can combine the input rasters, calculate a statistic on them, or evaluate a criterion for each cell on the output raster based on the values of each cell from multiple input rasters.",/en/pro-app/2.7/tool-reference/spatial-analyst/an-overview-of-the-local-tools.htm,Spatial Analyst toolbox,NA,NA,NA,NA
Map Algebra,"Map Algebra is a way to perform spatial analysis by creating expressions in an algebraic language.  With the Raster Calculator tool, you can easily create and run Map Algebra expressions that output a raster dataset.",/en/pro-app/2.7/tool-reference/spatial-analyst/an-overview-of-the-map-algebra-toolset.htm,Spatial Analyst toolbox,NA,NA,NA,NA
Math (general),"The general Math tools apply a mathematical function to the input. These tools fall into several categories. The arithmetic tools perform basic mathematical operations, such as addition and multiplication. There are tools that perform various types of exponentiation operations, which includes exponentials and logarithms in addition to the basic power operations. The remaining tools are used either for sign conversion or for conversion between integer and floating point data types.",/en/pro-app/2.7/tool-reference/spatial-analyst/an-overview-of-the-math-tools.htm,Spatial Analyst toolbox,NA,NA,NA,NA
Math Bitwise,The bitwise math tools compute on the binary representation of the input values.,/en/pro-app/2.7/tool-reference/spatial-analyst/an-overview-of-the-math-bitwise-tools.htm,Spatial Analyst toolbox,NA,NA,NA,NA
Math Logical,"The Logical Math tools evaluate the values of the inputs and determine the output values based on Boolean logic. The tools are grouped into four main categories: Boolean, Combinatorial, Logical, and Relational.",/en/pro-app/2.7/tool-reference/spatial-analyst/an-overview-of-the-math-logical-tools.htm,Spatial Analyst toolbox,NA,NA,NA,NA
Math Trigonometric,"Trigonometric Math tools perform various trigonometric calculations
on the values in an input raster.",/en/pro-app/2.7/tool-reference/spatial-analyst/an-overview-of-the-math-trigonometric-tools.htm,Spatial Analyst toolbox,NA,NA,NA,NA
Multidimensional Analysis,The Multidimensional Analysis tools allow you to perform analysis on scientific data across multiple variables and dimensions.,/en/pro-app/2.7/tool-reference/spatial-analyst/an-overview-of-the-multidimensional-analysis-tools.htm,Spatial Analyst toolbox,NA,NA,NA,NA
Multivariate,Multivariate statistical analysis allows the exploration of relationships among many different types of attributes. There are two types of multivariate analysis available: Classification (both Supervised and Unsupervised) and Principal Component Analysis (PCA).,/en/pro-app/2.7/tool-reference/spatial-analyst/an-overview-of-the-multivariate-tools.htm,Spatial Analyst toolbox,NA,NA,NA,NA
Neighborhood,Neighborhood tools create output values for each cell location based on the location value and the values identified in a specified neighborhood. The neighborhood type can be either moving or search radius.,/en/pro-app/2.7/tool-reference/spatial-analyst/an-overview-of-the-neighborhood-tools.htm,Spatial Analyst toolbox,NA,NA,NA,NA
Overlay,"Overlay analysis tools allow you to apply weights to several input layers, combine them into a single output, and subject to specifications  of distribution and shape, identify preferred  locations within that result. These tools are commonly used for suitability modeling.",/en/pro-app/2.7/tool-reference/spatial-analyst/an-overview-of-the-overlay-tools.htm,Spatial Analyst toolbox,NA,NA,NA,NA
Raster Creation,The Raster Creation tools generate new rasters in which the output values are based on a constant or a statistical distribution.,/en/pro-app/2.7/tool-reference/spatial-analyst/an-overview-of-the-raster-creation-tools.htm,Spatial Analyst toolbox,NA,NA,NA,NA
Reclass,The Reclass tools provide a variety of methods that allow you to reclassify or change input cell values to alternative values.,/en/pro-app/2.7/tool-reference/spatial-analyst/an-overview-of-the-reclass-tools.htm,Spatial Analyst toolbox,NA,NA,NA,NA
Segmentation and Classification,"With the segmentation and classification tools, you can prepare segmented rasters to use in creating classified raster datasets.",/en/pro-app/2.7/tool-reference/spatial-analyst/an-overview-of-the-segmentation-and-classification-tools.htm,Spatial Analyst toolbox,NA,NA,NA,NA
Solar Radiation,The solar radiation analysis tools enable you to map and analyze the effects of the sun over a geographic area for specific time periods.,/en/pro-app/2.7/tool-reference/spatial-analyst/an-overview-of-the-solar-radiation-tools.htm,Spatial Analyst toolbox,NA,NA,NA,NA
Surface,"With the Surface tools, you can quantify and visualize a terrain landform represented by a digital elevation model.",/en/pro-app/2.7/tool-reference/spatial-analyst/an-overview-of-the-surface-tools.htm,Spatial Analyst toolbox,NA,NA,NA,NA
Zonal,"The Zonal tools allow you to perform analysis when the output is a result of computations performed on all cells that belong to each input zone. A zone can be defined as being a single area of a particular value, but it can also be composed of multiple disconnected elements, or regions, all having the same value. Zones can be defined by raster or feature datasets. Rasters must be of integer type, and features must have an integer or string attribute field.",/en/pro-app/2.7/tool-reference/spatial-analyst/an-overview-of-the-zonal-tools.htm,Spatial Analyst toolbox,NA,NA,NA,NA
Analyzing Patterns,"These tools evaluate if features, or the values associated with features, form a clustered, dispersed, or random spatial pattern.",/en/pro-app/2.7/tool-reference/spatial-statistics/an-overview-of-the-analyzing-patterns-toolset.htm,Spatial Statistics toolbox,NA,NA,NA,NA
Mapping Clusters,"These tools may be used to identify statistically significant hot spots, cold spots, or spatial outliers.  There are also tools to identify or group features with similar characteristics.",/en/pro-app/2.7/tool-reference/spatial-statistics/an-overview-of-the-mapping-clusters-toolset.htm,Spatial Statistics toolbox,NA,NA,NA,NA
Measuring Geographic Distributions,These tools address questions such as Where's the center? What's the shape and orientation? How dispersed are the features?,/en/pro-app/2.7/tool-reference/spatial-statistics/an-overview-of-the-measuring-geographic-distributions-toolset.htm,Spatial Statistics toolbox,NA,NA,NA,NA
Modeling Spatial Relationships,These tools model data relationships using regression analyses or construct spatial weights matrices.,/en/pro-app/2.7/tool-reference/spatial-statistics/an-overview-of-the-modeling-spatial-relationships-toolset.htm,Spatial Statistics toolbox,NA,NA,NA,NA
Utilities,"These utility tools perform a variety of miscellaneous functions: computing areas, assessing minimum distances, exporting variables and geometry, converting spatial weights files, and collecting coincident points.",/en/pro-app/2.7/tool-reference/spatial-statistics/an-overview-of-the-utilities-toolset.htm,Spatial Statistics toolbox,NA,NA,NA,NA
Analysis,The  Analysis toolset provides a set of analytical tools to evaluate territory solutions.,/en/pro-app/2.7/tool-reference/territory-design/an-overview-of-the-analysis-toolset.htm,Territory Design toolbox,NA,NA,NA,NA
Territory Solution,"The  Territory Solution toolset contains tools to set up, modify, and manage territories.
  This toolset allows you to build territory hierarchy, manage external variables, and set up constraints.",/en/pro-app/2.7/tool-reference/territory-design/an-overview-of-the-territory-solution-toolset.htm,Territory Design toolbox,NA,NA,NA,NA
Cartography,The Cartography toolset contains toolsets used for creating cartographic data.,/en/pro-app/2.7/tool-reference/topographic-production/an-overview-of-the-cartography-toolset.htm,Topographic Production toolbox,NA,NA,NA,NA
Data Management,"The Data Management toolset
contains toolsets for  importing, exporting, and managing edits to your data.",/en/pro-app/2.7/tool-reference/topographic-production/an-overview-of-the-data-management-toolset.htm,Topographic Production toolbox,NA,NA,NA,NA
Workflow,The Workflow toolset contains toolsets and tools that are used as part of the Topographic Mapping production workflows.,/en/pro-app/2.7/tool-reference/topographic-production/an-overview-of-the-workflow-toolset.htm,Topographic Production toolbox,NA,NA,NA,NA
NA,NA,NA,Trace Network toolbox,NA,NA,NA,NA
NA,NA,NA,Utility Network toolbox,NA,NA,NA,NA
NA,NA,NA,Workflow Manager toolbox,NA,NA,NA,NA
